100000011;\N;\N;2005
100000262;\N;\N;2005
100000265;\N;\N;2005
100000274;\N;\N;2005
100000323;\N;\N;2005
100000344;\N;\N;2005
100000365;\N;\N;2005
100000385;\N;\N;2005
100000490;\N;\N;2005
100000504;\N;\N;2005
100000534;\N;\N;2005
100000551;\N;\N;2005
100000557;\N;\N;2005
100002003;\N;\N;2005
100002043;\N;\N;2005
100002044;\N;\N;2005
100002046;Ohio State;\N;2010
100002053;\N;\N;2005
100002097;\N;\N;2005
100002124;\N;\N;2005
100002145;\N;\N;2005
100002151;\N;\N;2005
100002154;\N;\N;2005
100002192;Boston College;\N;2007
100002204;\N;\N;2005
100002245;\N;\N;2005
100002246;Illinois;\N;2006
100002297;Pitt;\N;2007
100002299;\N;\N;2005
100002354;\N;\N;2005
100002359;\N;\N;2005
100002372;\N;\N;2005
100002397;\N;\N;2005
100002422;Georgetown;\N;2010
100002444;\N;\N;2005
100002483;\N;\N;2005
100002542;\N;\N;2005
100002570;\N;\N;2007
100002578;\N;\N;2005
100002611;\N;\N;2005
100002614;\N;\N;2005
100002616;\N;\N;2005
100002617;\N;\N;2006
100002631;Missouri;\N;2009
100002635;\N;\N;2005
100002646;\N;\N;2005
100002659;\N;\N;2005
100002712;\N;\N;2005
100002715;\N;\N;2012
100002768;\N;\N;2005
100002801;\N;\N;2005
100002805;\N;\N;2005
100002808;\N;\N;2005
100002853;\N;\N;2005
100002862;\N;\N;2005
100002882;\N;\N;2005
100002904;\N;\N;2005
100002928;\N;\N;2005
100002933;\N;\N;2005
100002978;\N;\N;2005
100002981;\N;\N;2005
100003018;\N;\N;2005
100003022;\N;\N;2005
100003028;\N;\N;2005
100003078;\N;\N;2005
100003079;\N;\N;2005
100003086;\N;\N;2005
100003117;\N;\N;2005
100003149;\N;\N;2005
100003156;\N;\N;2011
100003171;\N;\N;2005
100003175;\N;\N;2005
100010000;\N;\N;2005
100010001;\N;\N;2005
100010003;\N;\N;2005
100010004;\N;\N;2005
100010005;\N;\N;2005
100010006;\N;\N;2005
100010007;\N;\N;2005
100010008;\N;\N;2005
100010011;\N;\N;2005
100010012;\N;\N;2005
100010013;\N;\N;2005
100010014;\N;\N;2005
100010015;\N;\N;2005
100010016;\N;\N;2005
100010020;\N;\N;2005
100010023;\N;\N;2005
100010028;\N;\N;2005
100010032;\N;\N;2005
100010035;\N;\N;2005
100010038;\N;\N;2005
100010039;\N;\N;2005
100010040;\N;\N;2005
100010041;\N;\N;2005
100010042;\N;\N;2005
100010043;\N;\N;2005
100010044;\N;\N;2005
100010045;\N;\N;2005
100010046;\N;\N;2005
100010049;\N;\N;2005
100010050;\N;\N;2005
100010051;\N;\N;2005
100010052;\N;\N;2005
100010053;\N;\N;2005
100010056;\N;\N;2005
100010057;\N;\N;2005
100010063;\N;\N;2005
100010064;\N;\N;2005
100010065;\N;\N;2005
100010066;\N;\N;2005
100010067;\N;\N;2005
100010068;\N;\N;2005
100010070;\N;\N;2005
100010071;\N;\N;2005
100010072;\N;\N;2005
100010073;\N;\N;2005
100010074;\N;\N;2005
100010075;\N;\N;2005
100010076;\N;\N;2005
100010080;\N;\N;2005
100010082;\N;\N;2005
100010083;\N;\N;2005
100010086;\N;\N;2005
100010087;\N;\N;2005
100010088;\N;\N;2005
100010089;\N;\N;2005
100010090;\N;\N;2005
100010091;\N;\N;2005
100010092;\N;\N;2005
100010093;\N;\N;2005
100010094;\N;\N;2005
100010096;\N;\N;2005
100010098;\N;\N;2005
100010101;\N;\N;2005
100010103;\N;\N;2005
100010105;\N;\N;2005
100010106;\N;\N;2005
100010108;\N;\N;2005
100010109;\N;\N;2005
100010110;\N;\N;2005
100010111;\N;\N;2005
100010112;\N;\N;2005
100010113;\N;\N;2005
100010114;\N;\N;2005
100010115;\N;\N;2005
100010116;\N;\N;2005
100010117;\N;\N;2005
100010118;\N;\N;2005
100010121;\N;\N;2005
100010122;\N;\N;2005
100010123;\N;\N;2005
100010127;\N;\N;2005
100010130;\N;\N;2005
100010131;\N;\N;2005
100010134;\N;\N;2005
100010135;\N;\N;2005
100010136;\N;\N;2005
100010137;\N;\N;2005
100010138;\N;\N;2005
100010140;\N;\N;2005
100010141;\N;\N;2005
100010143;\N;\N;2005
100010146;\N;\N;2005
100010147;\N;\N;2005
100010151;\N;\N;2005
100010152;\N;\N;2005
100010153;\N;\N;2005
100010154;\N;\N;2005
100010155;\N;\N;2005
100010158;\N;\N;2005
100010159;\N;\N;2005
100010160;\N;\N;2005
100010161;\N;\N;2005
100010163;\N;\N;2005
100010164;\N;\N;2005
100010165;\N;\N;2005
100010166;\N;\N;2005
100010167;\N;\N;2005
100010168;\N;\N;2005
100010169;\N;\N;2005
100010170;\N;\N;2005
100010173;\N;\N;2005
100010176;\N;\N;2005
100010177;\N;\N;2005
100010178;\N;\N;2005
100010179;\N;\N;2005
100010180;\N;\N;2005
100010181;\N;\N;2005
100010182;\N;\N;2005
100010183;\N;\N;2005
100010184;\N;\N;2005
100010185;\N;\N;2005
100010186;\N;\N;2005
100010187;\N;\N;2005
100010189;\N;\N;2005
100010190;\N;\N;2005
100010191;\N;\N;2005
100010192;\N;\N;2005
100010193;\N;\N;2005
100010197;\N;\N;2005
100010198;\N;\N;2005
100010199;\N;\N;2005
100010200;\N;\N;2005
100010202;\N;\N;2005
100010204;\N;\N;2005
100010205;\N;\N;2005
100010206;\N;\N;2005
100010207;\N;\N;2005
100010210;\N;\N;2005
100010211;\N;\N;2005
100010212;\N;\N;2005
100010213;\N;\N;2005
100010214;\N;\N;2005
100010215;\N;\N;2005
100010216;\N;\N;2005
100010217;\N;\N;2005
100010218;\N;\N;2005
100010219;\N;\N;2005
100010220;\N;\N;2005
100010221;\N;\N;2005
100010222;\N;\N;2005
100010223;\N;\N;2005
100010224;\N;\N;2005
100010225;\N;\N;2005
100010226;\N;\N;2005
100010227;\N;\N;2005
100010228;\N;\N;2005
100010229;\N;\N;2005
100010230;\N;\N;2005
100010231;\N;\N;2005
100010232;\N;\N;2005
100010234;\N;\N;2005
100010235;\N;\N;2005
100010236;\N;\N;2005
100010238;\N;\N;2005
100010239;\N;\N;2005
100010240;\N;\N;2005
100010241;\N;\N;2005
100010242;\N;\N;2005
100010246;\N;\N;2005
100010247;\N;\N;2005
100010250;\N;\N;2005
100010251;\N;\N;2005
100010254;\N;\N;2005
100010255;\N;\N;2005
100010256;\N;\N;2005
100010257;\N;\N;2005
100010258;\N;\N;2005
100010259;\N;\N;2005
100010260;\N;\N;2005
100010261;\N;\N;2005
100010262;\N;\N;2005
100010263;\N;\N;2005
100010264;\N;\N;2005
100010265;\N;\N;2005
100010266;\N;\N;2005
100010267;\N;\N;2005
100010268;\N;\N;2005
100010269;\N;\N;2005
100010272;\N;\N;2005
100010275;\N;\N;2005
100010276;\N;\N;2005
100010277;\N;\N;2005
100010278;\N;\N;2005
100010279;\N;\N;2005
100010280;\N;\N;2005
100010281;\N;\N;2005
100010282;\N;\N;2005
100010284;\N;\N;2005
100010285;\N;\N;2005
100010286;\N;\N;2005
100010287;\N;\N;2005
100010288;\N;\N;2005
100010289;\N;\N;2005
100010290;\N;\N;2005
100010291;\N;\N;2005
100010292;\N;\N;2005
100010295;\N;\N;2005
100010296;\N;\N;2005
100010299;\N;\N;2005
100010300;\N;\N;2005
100010301;\N;\N;2005
100010302;\N;\N;2005
100010304;\N;\N;2005
100010306;\N;\N;2005
100010308;\N;\N;2005
100010309;\N;\N;2005
100010311;\N;\N;2005
100010312;\N;\N;2005
100010313;\N;\N;2005
100010314;\N;\N;2005
100010315;\N;\N;2005
100010316;\N;\N;2005
100010317;\N;\N;2005
100010318;\N;\N;2005
100010319;\N;\N;2005
100010321;\N;\N;2005
100010322;\N;\N;2005
100010323;\N;\N;2005
100010325;\N;\N;2005
100010326;\N;\N;2005
100010327;\N;\N;2005
100010329;\N;\N;2005
100010330;\N;\N;2005
100010331;\N;\N;2005
100010334;\N;\N;2005
100010335;\N;\N;2005
100010337;\N;\N;2005
100010338;\N;\N;2005
100010339;\N;\N;2005
100010340;\N;\N;2005
100010343;\N;\N;2005
100010344;\N;\N;2005
100010345;\N;\N;2005
100010346;\N;\N;2005
100010347;\N;\N;2005
100010348;\N;\N;2005
100010351;\N;\N;2005
100010352;\N;\N;2005
100010353;\N;\N;2005
100010356;\N;\N;2005
100010357;\N;\N;2005
100010359;\N;\N;2005
100010360;\N;\N;2005
100010361;\N;\N;2005
100010362;\N;\N;2005
100010363;\N;\N;2005
100010366;\N;\N;2005
100010367;\N;\N;2005
100010368;\N;\N;2005
100010369;\N;\N;2005
100010370;\N;\N;2005
100010371;\N;\N;2005
100010372;\N;\N;2005
100010373;\N;\N;2005
100010374;\N;\N;2005
100010377;\N;\N;2005
100010378;\N;\N;2005
100010379;\N;\N;2005
100010380;\N;\N;2005
100010381;\N;\N;2005
100010382;\N;\N;2005
100010385;\N;\N;2005
100010386;\N;\N;2005
100010387;\N;\N;2005
100010390;\N;\N;2005
100010391;\N;\N;2005
100010392;\N;\N;2005
100010393;\N;\N;2005
100010394;\N;\N;2005
100010395;\N;\N;2005
100010396;\N;\N;2005
100010397;\N;\N;2005
100010398;\N;\N;2005
100010399;\N;\N;2005
100010400;\N;\N;2005
100010401;\N;\N;2005
100010406;\N;\N;2005
100010407;\N;\N;2005
100010408;\N;\N;2005
100010410;\N;\N;2005
100010411;\N;\N;2005
100010414;\N;\N;2005
100010415;\N;\N;2005
100010416;\N;\N;2005
100010417;\N;\N;2005
100010418;\N;\N;2005
100010419;\N;\N;2005
100010422;\N;\N;2005
100010423;\N;\N;2005
100010424;\N;\N;2005
100010425;\N;\N;2005
100010426;\N;\N;2005
100010427;\N;\N;2005
100010428;\N;\N;2005
100010429;\N;\N;2005
100010430;\N;\N;2005
100010433;\N;\N;2005
100010434;\N;\N;2005
100010436;\N;\N;2005
100010437;\N;\N;2005
100010438;\N;\N;2005
100010439;\N;\N;2005
100010440;\N;\N;2005
100010442;\N;\N;2005
100010443;\N;\N;2005
100010444;\N;\N;2005
100010445;\N;\N;2005
100010446;\N;\N;2005
100010447;\N;\N;2005
100010448;\N;\N;2005
100010451;\N;\N;2005
100010454;\N;\N;2005
100010455;\N;\N;2005
100010456;\N;\N;2005
100010457;\N;\N;2005
100010458;\N;\N;2005
100010459;\N;\N;2005
100010461;\N;\N;2005
100010463;\N;\N;2005
100010464;\N;\N;2005
100010467;\N;\N;2005
100010469;\N;\N;2005
100010470;\N;\N;2005
100010471;\N;\N;2005
100010472;\N;\N;2005
100010473;\N;\N;2005
100010474;\N;\N;2005
100010477;\N;\N;2005
100010478;\N;\N;2005
100010479;\N;\N;2005
100010480;\N;\N;2005
100010482;\N;\N;2005
100010483;\N;\N;2005
100010484;\N;\N;2005
100010487;\N;\N;2005
100010491;\N;\N;2005
100010492;\N;\N;2005
100010493;\N;\N;2005
100010496;\N;\N;2005
100010497;\N;\N;2005
100010498;\N;\N;2005
100010499;\N;\N;2005
100010502;\N;\N;2005
100010503;\N;\N;2005
100010505;\N;\N;2005
100010507;\N;\N;2005
100010508;\N;\N;2005
100010510;\N;\N;2005
100010511;\N;\N;2005
100010512;\N;\N;2005
100010513;\N;\N;2005
100010514;\N;\N;2005
100010515;\N;\N;2005
100010516;\N;\N;2005
100010517;\N;\N;2005
100010518;\N;\N;2005
100010519;\N;\N;2005
100010520;\N;\N;2005
100010521;\N;\N;2005
100010523;\N;\N;2005
100010527;\N;\N;2005
100010528;\N;\N;2005
100010529;\N;\N;2005
100010530;\N;\N;2005
100010531;\N;\N;2005
100010532;\N;\N;2005
100010533;\N;\N;2005
100010534;\N;\N;2005
100010535;\N;\N;2005
100010538;\N;\N;2005
100010539;\N;\N;2005
100010542;\N;\N;2005
100010546;\N;\N;2005
100010547;\N;\N;2005
100010548;\N;\N;2005
100010549;\N;\N;2005
100010550;\N;\N;2005
100010551;\N;\N;2005
100010553;\N;\N;2005
100010554;\N;\N;2005
100010555;\N;\N;2005
100010558;\N;\N;2005
100010559;\N;\N;2005
100010560;\N;\N;2005
100010561;\N;\N;2005
100010562;\N;\N;2005
100010564;Arizona;\N;2006
100010565;Michigan State;\N;2006
100010566;Texas;\N;2006
100010571;\N;\N;2006
100010581;UConn;\N;2006
100010584;Illinois;\N;2006
100010585;\N;\N;2006
100010586;South Carolina;\N;2006
100010589;\N;\N;2006
100010590;;\N;2006
100010596;\N;\N;2006
100010608;Iowa State;\N;2006
100010614;UConn;\N;2006
100010622;\N;\N;2006
100010624;Arkansas;\N;2006
100010626;\N;\N;2006
100010631;Michigan State;\N;2006
100010642;Memphis;\N;2006
100010654;Temple;\N;2006
100010656;\N;\N;2006
100010669;Michigan State;\N;2006
100010674;\N;\N;2006
100010686;Rutgers University;\N;2006
100010701;UCLA;\N;2006
100010702;\N;\N;2006
100010709;Villanova;\N;2006
100010712;\N;\N;2006
100010715;\N;\N;2006
100010720;UConn;\N;2006
100010721;\N;\N;2006
100010723;Texas;\N;2006
100010726;\N;\N;2006
100010736;\N;\N;2006
100010739;\N;\N;2006
100010745;\N;\N;2006
100010759;\N;\N;2006
100010763;\N;\N;2006
100010767;UCLA;\N;2006
100010780;\N;\N;2006
100010782;\N;\N;2006
100010807;Florida State;\N;2006
100010815;Washington;\N;2006
100010827;South Florida;\N;2006
100010832;\N;\N;2006
100010840;\N;\N;2006
100010845;Villanova;\N;2006
100010851;\N;\N;2006
100010854;;\N;2006
100010862;\N;\N;2006
100010866;\N;\N;2006
100010868;\N;\N;2006
100010876;\N;\N;2006
100010884;Louisiana Tech;\N;2006
100010889;\N;\N;2006
100010890;Gonzaga;\N;2006
100010904;UNC;\N;2006
100010905;Marquette;\N;2006
100010907;Bradley;\N;2006
100010923;\N;\N;2006
100010936;\N;\N;2006
100010940;California;\N;2006
100010944;\N;\N;2006
100010953;\N;\N;2006
100010955;Duke;\N;2006
100010957;\N;\N;2006
100010959;\N;\N;2006
100010971;;\N;2006
100010972;Kentucky;\N;2006
100010976;Washington;\N;2006
100010982;;\N;2006
100010983;;\N;2006
100010985;NC State;\N;2006
100010988;\N;\N;2006
100010989;Boston College;\N;2006
100010995;\N;\N;2006
100011000;\N;\N;2006
100011018;LSU;\N;2006
100011024;Texas;\N;2006
100011032;;\N;2006
100011037;\N;\N;2006
100011053;Cincinnati;\N;2006
100011064;\N;\N;2006
100011066;UConn;\N;2006
100011069;\N;\N;2006
100011070;Memphis;\N;2006
100011071;Duke;\N;2006
100011073;\N;\N;2006
100011080;UCLA;\N;2007
100011091;\N;\N;2007
100011092;Rice University;\N;2007
100011098;\N;\N;2007
100011123;;\N;2007
100011145;Florida;\N;2007
100011151;Oregon;\N;2007
100011177;DePaul;\N;2007
100011185;Ohio State;\N;2007
100011189;Ohio State;\N;2007
100011191;Georgia Tech;\N;2007
100011200;Alabama;\N;2007
100011202;LSU;\N;2007
100011209;Miami (FL);\N;2007
100011211;\N;\N;2007
100011230;Texas;\N;2007
100011241;Nevada;\N;2007
100011245;;\N;2007
100011258;\N;\N;2007
100011281;\N;\N;2007
100011289;Georgetown;\N;2007
100011290;Florida;\N;2007
100011306;\N;\N;2007
100011313;Washington;\N;2007
100011325;Florida;\N;2007
100011351;\N;\N;2007
100011362;;\N;2007
100011388;\N;\N;2007
100011402;Purdue;\N;2007
100011403;\N;\N;2007
100011404;UMass;\N;2007
100011407;Texas A&M;\N;2007
100011419;\N;\N;2007
100011435;\N;\N;2007
100011438;Fresno State;\N;2007
100011440;Duke;\N;2007
100011453;\N;\N;2007
100011465;\N;\N;2007
100011472;Syracuse;\N;2007
100011475;Florida;\N;2007
100011502;;\N;2007
100011504;;\N;2007
100011514;\N;\N;2007
100011517;USC;\N;2007
100011528;Florida;\N;2007
100011545;;\N;2007
100011547;\N;\N;2007
100011550;Nevada;\N;2007
100011555;\N;\N;2007
100011559;Colorado State;\N;2007
100011578;Maryland;\N;2007
100011579;Eastern Washington;\N;2007
100011598;Florida State;\N;2007
100011600;Wisconsin;\N;2007
100011623;\N;\N;2007
100011624;\N;\N;2007
100011625;\N;\N;2007
100011636;\N;\N;2007
100011656;Boston College;\N;2007
100011666;UNC;\N;2007
100011668;Kansas;\N;2007
100011672;USC;\N;2007
100011673;Georgia Tech;\N;2007
100011681;;\N;2008
100011683;West Virginia;\N;2008
100011693;California;\N;2008
100011699;Kansas;\N;2008
100011703;Texas;\N;2008
100011718;;\N;2008
100011719;Arizona;\N;2008
100011720;Kansas State;\N;2008
100011752;\N;\N;2008
100011778;Kansas;\N;2008
100011796;Kentucky;\N;2008
100011829;Memphis;\N;2008
100011833;Memphis;\N;2008
100011834;;\N;2008
100011850;;\N;2008
100011862;;\N;2008
100011866;;\N;2008
100011871;New Mexico;\N;2008
100011880;Indiana;\N;2008
100011889;Syracuse;\N;2008
100011890;\N;\N;2008
100011891;Oregon;\N;2008
100011911;Georgetown;\N;2008
100011912;NC State;\N;2008
100011914;IUPUI;\N;2008
100011916;\N;\N;2008
100011933;\N;\N;2008
100011943;Kansas;\N;2008
100011952;;\N;2008
100011954;\N;\N;2008
100011964;\N;\N;2008
100011971;Texas A&M;\N;2008
100011980;Ohio State;\N;2008
100011982;\N;\N;2008
100011985;Western Kentucky;\N;2008
100011991;Stanford;\N;2008
100011992;Stanford;\N;2008
100011993;UCLA;\N;2008
100012009;\N;\N;2008
100012016;USC;\N;2008
100012017;UCLA;\N;2008
100012022;Nevada;\N;2008
100012052;\N;\N;2008
100012058;\N;\N;2008
100012078;Ohio State;\N;2008
100012108;LSU;\N;2008
100012128;Memphis;\N;2008
100012135;Kansas;\N;2008
100012153;UAB;\N;2008
100012161;Virginia;\N;2008
100012172;\N;\N;2008
100012176;Florida;\N;2008
100012187;Iowa State;\N;2008
100012198;Rider University;\N;2008
100012200;\N;\N;2008
100012206;\N;\N;2008
100012214;Kansas State;\N;2008
100012222;Washington State;\N;2008
100012224;Arkansas;\N;2008
100012228;UCLA;\N;2008
100012229;Indiana;\N;2008
100012236;\N;\N;2008
100012255;;\N;2008
100012268;\N;\N;2009
100012269;\N;\N;2009
100012283;Arizona State;\N;2009
100012298;;\N;2009
100012308;Pitt;\N;2009
100012329;Washington;\N;2009
100012334;Xavier;\N;2009
100012341;Arizona;\N;2009
100012358;;\N;2009
100012362;Louisville;\N;2009
100012366;UCLA;\N;2009
100012373;Villanova;\N;2009
100012375;Oklahoma State;\N;2009
100012376;Davidson;\N;2009
100012384;Gonzaga;\N;2009
100012387;USC;\N;2009
100012398;Florida State;\N;2009
100012406;UNC;\N;2009
100012413;Memphis;\N;2009
100012422;Syracuse;\N;2009
100012428;\N;\N;2009
100012435;\N;\N;2009
100012438;USC;\N;2009
100012442;\N;\N;2009
100012457;UNC;\N;2009
100012461;Oklahoma;\N;2009
100012464;\N;\N;2009
100012466;UNC;\N;2009
100012467;Arizona State;\N;2009
100012485;Duke;\N;2009
100012491;Arizona;\N;2009
100012495;UCLA;\N;2009
100012506;University of Tennessee at Martin;\N;2009
100012515;\N;\N;2009
100012519;;\N;2009
100012531;\N;\N;2009
100012547;\N;\N;2009
100012553;;\N;2009
100012554;;\N;2009
100012558;Wake Forest;\N;2009
100012575;\N;\N;2009
100012579;\N;\N;2009
100012586;UNC;\N;2009
100012611;\N;\N;2009
100012614;VCU;\N;2009
100012628;Kentucky;\N;2009
100012641;Saint Mary's;\N;2009
100012649;Ohio State;\N;2009
100012691;UConn;\N;2009
100012753;Georgetown;\N;2009
100012754;Central Florida;\N;2009
100012755;Wake Forest;\N;2009
100012759;\N;\N;2009
100012764;UConn;\N;2009
100012776;LSU;\N;2009
100012823;\N;\N;2009
100012826;Louisville;\N;2009
100012832;Pitt;\N;2009
100012834;\N;\N;2010
100012840;Florida State;\N;2010
100012841;Kansas;\N;2010
100012846;Wake Forest;\N;2010
100012852;Oklahoma State;\N;2010
100012869;;\N;2010
100012871;Nevada;\N;2010
100012909;Kentucky;\N;2010
100012913;Clemson;\N;2010
100012917;Iowa State;\N;2010
100012918;Texas;\N;2010
100012943;Texas-El Paso;\N;2010
100012972;\N;\N;2010
100012978;\N;\N;2010
100012979;Kentucky;\N;2010
100012981;Xavier;\N;2010
100012995;UNC;\N;2010
100013008;\N;\N;2010
100013018;West Virginia;\N;2010
100013023;;\N;2010
100013026;Western Kentucky;\N;2010
100013033;;\N;2010
100013035;Georgia Tech;\N;2010
100013043;Stanford;\N;2010
100013046;\N;\N;2010
100013070;Fresno State;\N;2010
100013092;Oklahoma;\N;2010
100013096;Notre Dame;\N;2010
100013104;\N;\N;2010
100013109;Butler;\N;2010
100013110;Marquette;\N;2010
100013114;Kansas;\N;2010
100013144;Texas;\N;2010
100013156;\N;\N;2010
100013159;Nevada;\N;2010
100013160;\N;\N;2010
100013170;Syracuse;\N;2010
100013172;South Florida;\N;2010
100013194;Georgia Tech;\N;2010
100013201;\N;\N;2010
100013240;Georgetown;\N;2010
100013245;\N;\N;2010
100013252;Rutgers University;\N;2010
100013255;\N;\N;2010
100013270;\N;\N;2010
100013276;Kentucky;\N;2010
100013282;;\N;2010
100013292;Texas;\N;2010
100013293;Washington;\N;2010
100013312;Syracuse;\N;2010
100013329;\N;\N;2010
100013330;VCU;\N;2010
100013334;;\N;2010
100013336;\N;\N;2010
100013337;\N;\N;2010
100013341;\N;\N;2010
100013352;;\N;2010
100013354;Cincinnati;\N;2010
100013363;;\N;2010
100013393;Baylor;\N;2010
100013396;\N;\N;2010
100013398;Maryland;\N;2010
100013406;Kentucky;\N;2010
100013412;Oklahoma;\N;2010
100013426;Marshall;\N;2010
100013465;Temple;\N;2011
100013481;\N;\N;2011
100013502;Oakland;\N;2011
100013506;;\N;2011
100013524;Providence;\N;2011
100013530;Colorado;\N;2011
100013532;Marquette;\N;2011
100013534;Vanderbilt;\N;2011
100013554;Cleveland State University;\N;2011
100013576;\N;\N;2011
100013580;\N;\N;2011
100013597;\N;\N;2011
100013604;\N;\N;2011
100013613;Morehead State University;\N;2011
100013626;\N;\N;2011
100013629;\N;\N;2011
100013634;BYU;\N;2011
100013635;;\N;2011
100013650;\N;\N;2011
100013658;College of Charleston;\N;2011
100013667;Texas;\N;2011
100013672;Richmond;\N;2011
100013673;Kentucky;\N;2011
100013677;\N;\N;2011
100013678;Tennessee;\N;2011
100013691;\N;\N;2011
100013701;New Mexico;\N;2011
100013706;UCLA;\N;2011
100013708;\N;\N;2011
100013720;Duke;\N;2011
100013723;Boston College;\N;2011
100013736;Hofstra;\N;2011
100013744;\N;\N;2011
100013748;\N;\N;2011
100013749;Purdue;\N;2011
100013761;Tulsa;\N;2011
100013762;Texas;\N;2011
100013765;\N;\N;2011
100013768;Kentucky;\N;2011
100013775;UCLA;\N;2011
100013776;San Diego State;\N;2011
100013777;Georgia;\N;2011
100013778;Wisconsin;\N;2011
100013780;Kentucky;\N;2011
100013788;Butler;\N;2011
100013789;Florida;\N;2011
100013820;Purdue;\N;2011
100013822;Michigan;\N;2011
100013823;Kansas;\N;2011
100013824;Kansas;\N;2011
100013842;Kentucky;\N;2011
100013847;\N;\N;2011
100013850;Florida;\N;2011
100013870;Florida State;\N;2011
100013877;;\N;2011
100013886;Kansas;\N;2011
100013891;Georgia Tech;\N;2011
100013892;\N;\N;2011
100013894;Florida State;\N;2011
100013897;\N;\N;2011
100013902;\N;\N;2011
100013908;\N;\N;2011
100013910;Duke;\N;2011
100013916;\N;\N;2011
100013917;\N;\N;2011
100013927;Washington;\N;2011
100013929;\N;\N;2011
100013930;\N;\N;2011
100013932;Georgia;\N;2011
100013934;Washington State;\N;2011
100013935;\N;\N;2011
100013936;Texas;\N;2011
100013945;;\N;2011
100013946;\N;\N;2011
100013956;;\N;2011
100013958;USC;\N;2011
100013962;UConn;\N;2011
100013984;Arizona;\N;2011
100013985;Memphis;\N;2011
100013986;Maryland;\N;2011
100014001;\N;\N;2011
100014010;Baylor;\N;2012
100014013;\N;\N;2012
100014046;UNC;\N;2012
100014051;Memphis;\N;2012
100014056;\N;\N;2012
100014057;\N;\N;2012
100014058;Florida;\N;2012
100014062;Arkansas;\N;2012
100014107;;\N;2012
100014119;\N;\N;2012
100014125;Marquette;\N;2012
100014127;Oregon State;\N;2012
100014132;Kentucky;\N;2012
100014140;;\N;2012
100014153;UConn;\N;2012
100014164;Missouri;\N;2012
100014168;Vanderbilt;\N;2012
100014176;;\N;2012
100014180;;\N;2012
100014186;\N;\N;2012
100014206;Michigan State;\N;2012
100014216;\N;\N;2012
100014219;St. John's;\N;2012
100014237;UNC;\N;2012
100014247;\N;\N;2012
100014263;Florida State;\N;2012
100014274;Vanderbilt;\N;2012
100014283;UC Santa Barbara;\N;2012
100014285;Marquette;\N;2012
100014289;\N;\N;2012
100014292;\N;\N;2012
100014293;Baylor;\N;2012
100014295;Kentucky;\N;2012
100014298;Syracuse;\N;2012
100014303;Kentucky;\N;2012
100014309;\N;\N;2012
100014310;Kentucky;\N;2012
100014313;UConn;\N;2012
100014320;Illinois;\N;2012
100014326;Weber State;\N;2012
100014336;\N;\N;2012
100014344;UNC;\N;2012
100014365;Syracuse;\N;2012
100014366;Texas A&M;\N;2012
100014370;Kentucky;\N;2012
100014372;Baylor;\N;2012
100014386;;\N;2012
100014387;Mississippi State;\N;2012
100014390;Tennessee Technological University;\N;2012
100014395;St. Bonaventure;\N;2012
100014400;Norfolk State;\N;2012
100014402;\N;\N;2012
100014429;Duke;\N;2012
100014449;Duke;\N;2012
100014450;\N;\N;2012
100014452;Kansas;\N;2012
100014456;Washington;\N;2012
100014460;Gonzaga;\N;2012
100014465;Virginia;\N;2012
100014470;;\N;2012
100014472;\N;\N;2012
100014473;\N;\N;2012
100014474;Duke;\N;2012
100014498;Ohio State;\N;2012
100014500;Vanderbilt;\N;2012
100014501;Kansas;\N;2012
100014503;Kentucky;\N;2012
100014504;\N;\N;2012
100014535;;\N;2012
100014537;Mississippi State;\N;2012
100014545;Syracuse;\N;2012
100014556;\N;\N;2012
100014577;Washington;\N;2012
100014581;\N;\N;2012
100014582;UNC;\N;2012
100014586;Pitt;\N;2013
100014607;;\N;2013
100014612;\N;\N;2013
100014622;\N;\N;2013
100014643;UNLV;\N;2013
100014654;\N;\N;2013
100014674;NC State;\N;2013
100014680;UNC;\N;2013
100014681;Michigan;\N;2013
100014688;\N;\N;2013
100014693;Florida;\N;2013
100014695;Georgia;\N;2013
100014696;Murray State;\N;2013
100014699;Syracuse;\N;2013
100014705;\N;\N;2013
100014709;\N;\N;2013
100014718;\N;\N;2013
100014719;California;\N;2013
100014729;\N;\N;2013
100014734;\N;\N;2013
100014735;\N;\N;2013
100014736;\N;\N;2013
100014748;\N;\N;2013
100014752;\N;\N;2013
100014758;Louisville;\N;2013
100014769;\N;\N;2013
100014780;\N;\N;2013
100014782;Arizona State;\N;2013
100014788;San Diego State;\N;2013
100014807;;\N;2013
100014810;Kentucky;\N;2013
100014826;\N;\N;2013
100014830;LSU;\N;2013
100014834;Michigan;\N;2013
100014840;\N;\N;2013
100014860;Arizona;\N;2013
100014864;\N;\N;2013
100014867;Purdue;\N;2013
100014906;;\N;2013
100014907;Duke;\N;2013
100014914;;\N;2013
100014918;Miami (FL);\N;2013
100014920;Providence;\N;2013
100014925;Maryland;\N;2013
100014958;Detroit Mercy;\N;2013
100014959;Lehigh;\N;2013
100014961;Kansas;\N;2013
100014964;\N;\N;2013
100014975;University of North Texas;\N;2013
100014990;UCLA;\N;2013
100014994;Florida;\N;2013
100014995;\N;\N;2013
100014996;Bucknell;\N;2013
100015002;;\N;2013
100015008;\N;\N;2013
100015014;Indiana;\N;2013
100015015;Gonzaga;\N;2013
100015016;\N;\N;2013
100015033;Duke;\N;2013
100015036;Georgetown;\N;2013
100015038;\N;\N;2013
100015043;\N;\N;2013
100015048;Georgia Tech;\N;2013
100015053;Colorado;\N;2013
100015067;;\N;2013
100015086;Louisville;\N;2013
100015088;\N;\N;2013
100015094;New Mexico;\N;2013
100015095;\N;\N;2013
100015100;\N;\N;2013
100015117;\N;\N;2013
100015125;\N;\N;2013
100015164;\N;\N;2013
100015172;Iowa State;\N;2013
100015183;Kansas;\N;2013
100015184;South Dakota State;\N;2013
100015192;Indiana;\N;2013
100015195;UCLA;\N;2014
100015202;;\N;2014
100015213;UCLA;\N;2014
100015227;New Mexico;\N;2014
100015245;\N;\N;2014
100015248;\N;\N;2014
100015250;\N;\N;2014
100015257;;\N;2014
100015269;\N;\N;2014
100015271;Oklahoma State;\N;2014
100015285;;\N;2014
100015292;;\N;2014
100015302;\N;\N;2014
100015303;\N;\N;2014
100015308;Missouri;\N;2014
100015316;\N;\N;2014
100015318;\N;\N;2014
100015344;\N;\N;2014
100015354;Colorado;\N;2014
100015361;\N;\N;2014
100015364;\N;\N;2014
100015370;Wichita State;\N;2014
100015373;Cal State Long Beach;\N;2014
100015374;Syracuse;\N;2014
100015380;;\N;2014
100015390;\N;\N;2014
100015400;\N;\N;2014
100015417;Arizona;\N;2014
100015419;\N;\N;2014
100015423;Syracuse;\N;2014
100015426;Virginia Tech;\N;2014
100015428;\N;\N;2014
100015439;UNC;\N;2014
100015449;Michigan State;\N;2014
100015450;Virginia;\N;2014
100015470;Duke;\N;2014
100015479;\N;\N;2014
100015488;Baylor;\N;2014
100015495;Arizona;\N;2014
100015505;Arizona;\N;2014
100015506;\N;\N;2014
100015519;\N;\N;2014
100015521;\N;\N;2014
100015531;;\N;2014
100015532;UCLA;\N;2014
100015551;\N;\N;2014
100015555;Iowa;\N;2014
100015565;\N;\N;2014
100015568;Clemson;\N;2014
100015571;Creighton;\N;2014
100015572;Michigan;\N;2014
100015577;\N;\N;2014
100015592;\N;\N;2014
100015594;;\N;2014
100015598;\N;\N;2014
100015612;UConn;\N;2014
100015622;Kentucky;\N;2014
100015623;;\N;2014
100015628;;\N;2014
100015629;LSU;\N;2014
100015635;;\N;2014
100015637;Duke;\N;2014
100015642;Michigan State;\N;2014
100015645;Louisiana;\N;2014
100015659;Stanford;\N;2014
100015676;Kentucky;\N;2014
100015690;Michigan;\N;2014
100015705;\N;\N;2014
100015709;\N;\N;2014
100015731;Oklahoma State;\N;2014
100015743;Louisville;\N;2014
100015749;Michigan;\N;2014
100015752;\N;\N;2014
100015753;Tennessee;\N;2014
100015793;Indiana;\N;2014
100015803;NC State;\N;2014
100015805;\N;\N;2014
100015806;\N;\N;2014
100015811;\N;\N;2014
100015812;Kansas;\N;2014
100015813;Washington;\N;2014
100015838;Kentucky;\N;2014
100015852;\N;\N;2015
100015862;Virginia;\N;2015
100015866;;\N;2015
100015869;\N;\N;2015
100015896;;\N;2015
100015904;Kentucky;\N;2015
100015911;Stanford;\N;2015
100015933;Kentucky;\N;2015
100015938;Syracuse;\N;2015
100015940;\N;\N;2015
100015946;Notre Dame;\N;2015
100015965;Michigan State;\N;2015
100015967;\N;\N;2015
100015968;Wisconsin;\N;2015
100015979;\N;\N;2015
100015984;\N;\N;2015
100015998;\N;\N;2015
100016032;Notre Dame;\N;2015
100016054;Louisville;\N;2015
100016061;\N;\N;2015
100016068;;\N;2015
100016077;Villanova;\N;2015
100016088;Arizona;\N;2015
100016089;Bowling Green;\N;2015
100016093;\N;\N;2015
100016094;Stanford;\N;2015
100016099;Georgia State University;\N;2015
100016106;;\N;2015
100016130;Arizona;\N;2015
100016133;;\N;2015
100016137;Duke;\N;2015
100016141;Wisconsin;\N;2015
100016143;Kansas;\N;2015
100016173;UCLA;\N;2015
100016178;Kentucky;\N;2015
100016184;\N;\N;2015
100016186;LSU;\N;2015
100016198;\N;\N;2015
100016199;Syracuse;\N;2015
100016205;Tennessee;\N;2015
100016210;\N;\N;2015
100016211;LSU;\N;2015
100016224;\N;\N;2015
100016234;;\N;2015
100016236;\N;\N;2015
100016238;Wyoming;\N;2015
100016242;;\N;2015
100016252;\N;\N;2015
100016255;Duke;\N;2015
100016258;Kansas;\N;2015
100016264;Pitt;\N;2015
100016268;Murray State;\N;2015
100016273;;\N;2015
100016277;Arkansas;\N;2015
100016278;;\N;2015
100016280;UCLA;\N;2015
100016290;\N;\N;2015
100016291;Tennessee;\N;2015
100016303;Louisville;\N;2015
100016307;Ohio State;\N;2015
100016319;\N;\N;2015
100016341;\N;\N;2015
100016350;;\N;2015
100016367;\N;\N;2015
100016368;Kentucky;\N;2015
100016371;Texas;\N;2015
100016380;UNLV;\N;2015
100016391;\N;\N;2015
100016403;\N;\N;2015
100016410;Duke;\N;2015
100016412;\N;\N;2015
100016415;Utah;\N;2015
100016418;Oregon;\N;2015
100016423;;\N;2016
100016450;\N;\N;2016
100016451;Vanderbilt;\N;2016
100016465;Florida State;\N;2016
100016468;Saint Joseph's;\N;2016
100016469;;\N;2016
100016471;Providence;\N;2016
100016472;;\N;2016
100016484;Weber State;\N;2016
100016491;Virginia;\N;2016
100016497;California;\N;2016
100016498;\N;\N;2016
100016520;Washington;\N;2016
100016522;Xavier;\N;2016
100016530;\N;\N;2016
100016546;Michigan State;\N;2016
100016550;\N;\N;2016
100016554;Kansas;\N;2016
100016565;Providence;\N;2016
100016568;Marquette;\N;2016
100016571;Kansas;\N;2016
100016583;Oakland;\N;2016
100016586;\N;\N;2016
100016589;\N;\N;2016
100016590;\N;\N;2016
100016600;\N;\N;2016
100016604;Syracuse;\N;2016
100016607;\N;\N;2016
100016608;\N;\N;2016
100016620;\N;\N;2016
100016632;Purdue;\N;2016
100016644;Kentucky;\N;2016
100016652;;\N;2016
100016653;;\N;2016
100016658;Oklahoma;\N;2016
100016672;\N;\N;2016
100016687;Duke;\N;2016
100016690;Notre Dame;\N;2016
100016691;Baylor;\N;2016
100016702;UNC;\N;2016
100016710;Vanderbilt;\N;2016
100016711;\N;\N;2016
100016728;\N;\N;2016
100016729;Kentucky;\N;2016
100016731;\N;\N;2016
100016737;Maryland;\N;2016
100016744;Michigan;\N;2016
100016751;\N;\N;2016
100016758;;\N;2016
100016760;\N;\N;2016
100016763;;\N;2016
100016769;UNLV;\N;2016
100016782;\N;\N;2016
100016807;Washington;\N;2016
100016808;Kentucky;\N;2016
100016812;\N;\N;2016
100016816;Iowa State;\N;2016
100016830;\N;\N;2016
100016835;\N;\N;2016
100016840;Louisville;\N;2016
100016843;;\N;2016
100016855;\N;\N;2016
100016857;\N;\N;2016
100016864;Utah;\N;2016
100016870;\N;\N;2016
100016872;Baylor;\N;2016
100016873;\N;\N;2016
100016874;\N;\N;2016
100016882;Syracuse;\N;2016
100016899;Gonzaga;\N;2016
100016901;;\N;2016
100016902;;\N;2016
100016907;\N;\N;2016
100016913;New Mexico State;\N;2016
100016929;Maryland;\N;2016
100016935;\N;\N;2016
100016948;\N;\N;2016
100016960;Kentucky;\N;2016
100016961;\N;\N;2016
100016963;Michigan State;\N;2016
100016964;\N;\N;2016
100016982;\N;\N;2016
100016983;Seton Hall;\N;2016
100016999;\N;\N;2016
100017002;\N;\N;2016
100017015;UNLV;\N;2016
100017016;;\N;2016
100017017;;\N;2016
100017021;Kentucky;\N;2017
100017025;Texas;\N;2017
100017026;Arizona;\N;2017
100017032;UCLA;\N;2017
100017035;Indiana;\N;2017
100017036;\N;\N;2017
100017039;\N;\N;2017
100017047;Florida State;\N;2017
100017050;UCLA;\N;2017
100017064;Oregon;\N;2017
100017069;\N;\N;2017
100017070;California;\N;2017
100017074;\N;\N;2017
100017079;;\N;2017
100017088;\N;\N;2017
100017092;UNC;\N;2017
100017098;Oregon;\N;2017
100017105;SMU;\N;2017
100017107;Indiana;\N;2017
100017125;\N;\N;2017
100017128;\N;\N;2017
100017137;\N;\N;2017
100017138;\N;\N;2017
100017141;Wake Forest;\N;2017
100017142;Gonzaga;\N;2017
100017143;\N;\N;2017
100017149;\N;\N;2017
100017151;\N;\N;2017
100017155;\N;\N;2017
100017178;Oregon;\N;2017
100017179;Oregon;\N;2017
100017180;\N;\N;2017
100017181;\N;\N;2017
100017200;Oklahoma State;\N;2017
100017211;;\N;2017
100017216;Kentucky;\N;2017
100017222;Washington;\N;2017
100017240;\N;\N;2017
100017249;UConn;\N;2017
100017264;\N;\N;2017
100017265;Villanova;\N;2017
100017267;\N;\N;2017
100017272;\N;\N;2017
100017273;\N;\N;2017
100017280;\N;\N;2017
100017290;\N;\N;2017
100017302;\N;\N;2017
100017309;\N;\N;2017
100017312;Florida State;\N;2017
100017313;Kansas State;\N;2017
100017315;\N;\N;2017
100017319;Kansas;\N;2017
100017320;UNC;\N;2017
100017334;Kentucky;\N;2017
100017339;\N;\N;2017
100017348;\N;\N;2017
100017355;Duke;\N;2017
100017362;\N;\N;2017
100017363;;\N;2017
100017364;\N;\N;2017
100017367;Utah;\N;2017
100017375;UCLA;\N;2017
100017377;\N;\N;2017
100017378;\N;\N;2017
100017396;Syracuse;\N;2017
100017399;\N;\N;2017
100017405;Arizona;\N;2017
100017407;Kansas;\N;2017
100017408;\N;\N;2017
100017415;\N;\N;2017
100017422;\N;\N;2017
100017423;\N;\N;2017
100017432;\N;\N;2017
100017438;Louisville;\N;2017
100017439;\N;\N;2017
100017440;Kentucky;\N;2017
100017446;\N;\N;2017
100017449;\N;\N;2017
100017452;Iowa State;\N;2017
100017453;\N;\N;2017
100017465;Iowa State;\N;2017
100017479;;\N;2017
100017483;\N;\N;2017
100017485;SMU;\N;2017
100017493;;\N;2017
100017496;UNC;\N;2017
100017504;Creighton;\N;2017
100017505;\N;\N;2017
100017516;\N;\N;2017
100017517;Valparaiso;\N;2017
100017530;\N;\N;2017
100017531;\N;\N;2017
100017532;;\N;2017
100017534;California;\N;2017
100017537;\N;\N;2017
100017539;Miami (FL);\N;2017
100017549;\N;\N;2017
100017573;LSU;\N;2017
100017575;\N;\N;2017
100017578;NC State;\N;2017
100017591;Xavier;\N;2017
100017592;Purdue;\N;2017
100017593;Duke;\N;2017
100017599;\N;\N;2017
100017601;\N;\N;2017
100017608;South Carolina;\N;2017
100017633;California;\N;2017
100017634;\N;\N;2017
100017635;\N;\N;2017
100017638;\N;\N;2017
100017644;\N;\N;2017
100017645;Colorado;\N;2017
100017650;\N;\N;2017
100017653;\N;\N;2017
100017657;\N;\N;2017
100017661;Michigan;\N;2017
100017662;\N;\N;2017
100017670;;\N;2017
100017680;;\N;2017
100017684;\N;\N;2018
100017687;\N;\N;2018
100017688;\N;\N;2018
100017690;\N;\N;2018
100017691;Duke;\N;2018
100017702;Dayton;\N;2018
100017710;Arizona;\N;2018
100017712;Duke;\N;2018
100017718;Texas;\N;2018
100017724;Ohio State;\N;2018
100017736;\N;\N;2018
100017744;Clemson;\N;2018
100017748;;\N;2018
100017749;;\N;2018
100017759;Villanova;\N;2018
100017760;Michigan State;\N;2018
100017761;\N;\N;2018
100017762;\N;\N;2018
100017766;Miami (FL);\N;2018
100017770;Oregon;\N;2018
100017771;Villanova;\N;2018
100017783;\N;\N;2018
100017796;West Virginia;\N;2018
100017798;Duke;\N;2018
100017805;\N;\N;2018
100017813;\N;\N;2018
100017814;\N;\N;2018
100017818;\N;\N;2018
100017824;\N;\N;2018
100017835;\N;\N;2018
100017846;\N;\N;2018
100017851;\N;\N;2018
100017857;\N;\N;2018
100017859;Kentucky;\N;2018
100017862;Villanova;\N;2018
100017863;;\N;2018
100017874;\N;\N;2018
100017875;Purdue;\N;2018
100017886;\N;\N;2018
100017887;Cincinnati;\N;2018
100017905;Tulane;\N;2018
100017917;\N;\N;2018
100017927;Duke;\N;2018
100017928;Kentucky;\N;2018
100017930;\N;\N;2018
100017934;Kansas;\N;2018
100017938;\N;\N;2018
100017948;\N;\N;2018
100017967;;\N;2018
100017976;\N;\N;2018
100017982;UCLA;\N;2018
100017996;Maryland;\N;2018
100017997;\N;\N;2018
100017999;Boise State;\N;2018
100018010;Duke;\N;2018
100018011;Michigan State;\N;2018
100018018;\N;\N;2018
100018023;Missouri State;\N;2018
100018025;\N;\N;2018
100018042;\N;\N;2018
100018052;Colorado;\N;2018
100018057;Kentucky;\N;2018
100018064;;\N;2018
100018088;\N;\N;2018
100018094;\N;\N;2018
100018105;\N;\N;2018
100018106;\N;\N;2018
100018117;\N;\N;2018
100018123;\N;\N;2018
100018137;USC;\N;2018
100018138;USC;\N;2018
100018147;SMU;\N;2018
100018172;;\N;2018
100018176;Kansas;\N;2018
100018197;;\N;2018
100018198;Georgia Tech;\N;2018
100018219;\N;\N;2018
100018240;\N;\N;2018
100018247;\N;\N;2018
100018249;Boston College;\N;2018
100018250;;\N;2018
100018258;\N;\N;2018
100018272;Alabama;\N;2018
100018273;Wichita State;\N;2018
100018280;\N;\N;2018
100018286;;\N;2018
100018297;Texas Tech;\N;2018
100018299;Louisville;\N;2018
100018302;Villanova;\N;2018
100018318;\N;\N;2018
100018319;\N;\N;2018
100018324;Creighton;\N;2018
100018331;Duke;\N;2018
100018332;\N;\N;2018
100018341;Kentucky;\N;2018
100018346;Michigan;\N;2018
100018349;Miami (FL);\N;2018
100018352;\N;\N;2018
100018354;\N;\N;2018
100018355;\N;\N;2018
100018356;UCLA;\N;2018
100018364;\N;\N;2018
100018365;\N;\N;2018
100018368;Texas A&M;\N;2018
100018381;Oklahoma;\N;2018
100018393;\N;\N;2019
100018394;Virginia Tech;\N;2019
100018419;Duke;\N;2019
100018429;;\N;2019
100018445;;\N;2019
100018451;Oregon;\N;2019
100018455;\N;\N;2019
100018456;Tennessee;\N;2019
100018460;\N;\N;2019
100018461;\N;\N;2019
100018464;College of Charleston;\N;2019
100018465;Michigan;\N;2019
100018469;\N;\N;2019
100018474;\N;\N;2019
100018476;\N;\N;2019
100018493;\N;\N;2019
100018495;;\N;2019
100018511;\N;\N;2019
100018519;Gonzaga;\N;2019
100018523;Georgia;\N;2019
100018524;\N;\N;2019
100018526;\N;\N;2019
100018532;\N;\N;2019
100018546;Texas Tech;\N;2019
100018554;\N;\N;2019
100018568;\N;\N;2019
100018570;;\N;2019
100018578;Purdue;\N;2019
100018592;\N;\N;2019
100018596;Maryland;\N;2019
100018603;\N;\N;2019
100018607;\N;\N;2019
100018610;Arkansas;\N;2019
100018613;Vanderbilt;\N;2019
100018634;\N;\N;2019
100018639;\N;\N;2019
100018640;Virginia;\N;2019
100018641;Gonzaga;\N;2019
100018642;Virginia;\N;2019
100018643;\N;\N;2019
100018652;\N;\N;2019
100018661;Texas;\N;2019
100018666;Miami (FL);\N;2019
100018671;Kentucky;\N;2019
100018672;UT Arlington;\N;2019
100018679;\N;\N;2019
100018687;Iowa State;\N;2019
100018690;\N;\N;2019
100018692;Virginia;\N;2019
100018709;Wyoming;\N;2019
100018712;\N;\N;2019
100018713;Virginia;\N;2019
100018716;UNC;\N;2019
100018720;Kentucky;\N;2019
100018731;Florida State;\N;2019
100018734;\N;\N;2019
100018738;\N;\N;2019
100018744;\N;\N;2019
100018752;Indiana;\N;2019
100018754;\N;\N;2019
100018757;\N;\N;2019
100018767;UNC;\N;2019
100018780;Florida State;\N;2019
100018783;\N;\N;2019
100018784;Nevada;\N;2019
100018785;\N;\N;2019
100018786;\N;\N;2019
100018788;\N;\N;2019
100018794;San Diego State;\N;2019
100018799;\N;\N;2019
100018805;\N;\N;2019
100018809;\N;\N;2019
100018817;\N;\N;2019
100018819;\N;\N;2019
100018821;Murray State;\N;2019
100018822;\N;\N;2019
100018832;\N;\N;2019
100018844;\N;\N;2019
100018848;\N;\N;2019
100018851;Washington;\N;2019
100018853;\N;\N;2019
100018862;Stanford;\N;2019
100018865;Yale;\N;2019
100018868;\N;\N;2019
100018874;Villanova;\N;2019
100018875;;\N;2019
100018882;\N;\N;2019
100018886;\N;\N;2019
100018887;\N;\N;2019
100018888;Michigan;\N;2019
100018889;USC;\N;2019
100018890;Missouri;\N;2019
100018899;\N;\N;2019
100018900;Duke;\N;2019
100018902;\N;\N;2019
100018913;\N;\N;2019
100018915;Nebraska;\N;2019
100018925;;\N;2019
100018929;Tennessee;\N;2019
100018935;Iowa State;\N;2019
100018938;\N;\N;2019
100018941;;\N;2019
100018949;\N;\N;2019
100018963;\N;\N;2019
100018966;Washington;\N;2019
100018971;\N;\N;2019
100018976;\N;\N;2019
100018988;\N;\N;2019
100018993;\N;\N;2019
100019006;Kentucky;\N;2019
100019008;LSU;\N;2019
100019009;\N;\N;2019
100019012;Mississippi State;\N;2019
100019014;UNC;\N;2019
100019020;Tennessee;\N;2019
100019028;Gonzaga;\N;2019
100019029;Duke;\N;2019
100019034;Hofstra;\N;2019
100019041;Memphis;\N;2020
100019048;\N;\N;2020
100019062;UNC;\N;2020
100019069;;\N;2020
100019071;Kansas;\N;2020
100019074;;\N;2020
100019077;TCU;\N;2020
100019094;Villanova;\N;2020
100019095;Colorado;\N;2020
100019105;\N;\N;2020
100019128;\N;\N;2020
100019131;\N;\N;2020
100019142;\N;\N;2020
100019151;\N;\N;2020
100019153;\N;\N;2020
100019155;Duke;\N;2020
100019193;\N;\N;2020
100019199;\N;\N;2020
100019203;\N;\N;2020
100019215;\N;\N;2020
100019225;Georgia;\N;2020
100019227;Washington State;\N;2020
100019243;\N;\N;2020
100019244;San Diego State;\N;2020
100019246;\N;\N;2020
100019251;\N;\N;2020
100019268;\N;\N;2020
100019269;\N;\N;2020
100019285;Arizona;\N;2020
100019291;\N;\N;2020
100019292;Iowa State;\N;2020
100019294;\N;\N;2020
100019295;;\N;2020
100019310;Nevada;\N;2020
100019322;;\N;2020
100019332;\N;\N;2020
100019346;\N;\N;2020
100019348;Syracuse;\N;2020
100019376;Arkansas;\N;2020
100019391;\N;\N;2020
100019394;Duke;\N;2020
100019407;\N;\N;2020
100019419;\N;\N;2020
100019427;Vanderbilt;\N;2020
100019436;Alabama;\N;2020
100019442;;\N;2020
100019447;\N;\N;2020
100019449;;\N;2020
100019450;\N;\N;2020
100019452;Arizona;\N;2020
100019455;\N;\N;2020
100019460;;\N;2020
100019463;\N;\N;2020
100019465;Kentucky;\N;2020
100019466;LSU;\N;2020
100019470;Washington;\N;2020
100019473;\N;\N;2020
100019487;Utah State University;\N;2020
100019512;Vanderbilt;\N;2020
100019515;Arizona;\N;2020
100019523;Louisville;\N;2020
100019527;Auburn;\N;2020
100019529;USC;\N;2020
100019530;Auburn;\N;2020
100019536;\N;\N;2020
100019542;Minnesota;\N;2020
100019559;Mississippi State;\N;2020
100019564;;\N;2020
100019566;\N;\N;2020
100019581;Oregon;\N;2020
100019582;Kentucky;\N;2020
100019583;Texas Tech;\N;2020
100019590;DePaul;\N;2020
100019595;Kentucky;\N;2020
100019597;College of Charleston;\N;2020
100019625;John A. Logan College;\N;2020
100019635;;\N;2020
100019642;Maryland;\N;2020
100019645;Duke;\N;2020
100019646;\N;\N;2020
100019647;Washington;\N;2020
100019650;\N;\N;2020
100019656;Stanford;\N;2020
100019660;\N;\N;2020
100019673;\N;\N;2020
100019674;Michigan State;\N;2020
100019676;Dayton;\N;2020
100019693;Florida State;\N;2020
100019720;\N;\N;2020
100019727;Florida State;\N;2020
100019733;Belmont;\N;2020
100019735;Michigan State;\N;2020
100019736;Memphis;\N;2020
100019738;Mississippi State;\N;2020
100019749;Loyola (MD);\N;2021
100019756;\N;\N;2021
100019772;\N;\N;2021
100019782;Nebraska;\N;2021
100019783;\N;\N;2021
100019785;Florida State;\N;2021
100019788;\N;\N;2021
100019789;Western Kentucky;\N;2021
100019814;;\N;2021
100019817;Kentucky;\N;2021
100019819;UConn;\N;2021
100019835;\N;\N;2021
100019838;Texas;\N;2021
100019847;\N;\N;2021
100019851;Baylor;\N;2021
100019870;\N;\N;2021
100019871;\N;\N;2021
100019875;Arizona State;\N;2021
100019887;Auburn;\N;2021
100019888;;\N;2021
100019900;\N;\N;2021
100019901;Oklahoma State;\N;2021
100019912;\N;\N;2021
100019926;Illinois;\N;2021
100019930;\N;\N;2021
100019941;Oregon;\N;2021
100019942;\N;\N;2021
100019945;\N;\N;2021
100019948;Pepperdine;\N;2021
100019949;\N;\N;2021
100019973;\N;\N;2021
100019993;\N;\N;2021
100019994;;\N;2021
100019995;Iowa;\N;2021
100019999;;\N;2021
100020005;\N;\N;2021
100020010;\N;\N;2021
100020013;;\N;2021
100020019;Houston;\N;2021
100020025;\N;\N;2021
100020045;\N;\N;2021
100020049;\N;\N;2021
100020061;\N;\N;2021
100020088;\N;\N;2021
100020092;\N;\N;2021
100020095;VCU;\N;2021
100020105;Kentucky;\N;2021
100020115;\N;\N;2021
100020125;Louisville;\N;2021
100020126;Duke;\N;2021
100020130;Tennessee;\N;2021
100020138;\N;\N;2021
100020143;Alabama;\N;2021
100020145;Texas;\N;2021
100020153;;\N;2021
100020158;\N;\N;2021
100020163;Gonzaga;\N;2021
100020176;;\N;2021
100020177;;\N;2021
100020178;;\N;2021
100020184;\N;\N;2021
100020197;Florida;\N;2021
100020200;Michigan;\N;2021
100020209;\N;\N;2021
100020215;Seton Hall;\N;2021
100020217;Florida;\N;2021
100020232;West Virginia;\N;2021
100020233;\N;\N;2021
100020244;\N;\N;2021
100020247;\N;\N;2021
100020260;Baylor;\N;2021
100020262;USC;\N;2021
100020269;Arkansas;\N;2021
100020270;\N;\N;2021
100020284;\N;\N;2021
100020285;Virginia;\N;2021
100020293;\N;\N;2021
100020298;\N;\N;2021
100020318;\N;\N;2021
100020323;\N;\N;2021
100020324;\N;\N;2021
100020325;\N;\N;2021
100020336;\N;\N;2021
100020341;\N;\N;2021
100020350;\N;\N;2021
100020352;\N;\N;2021
100020356;Alabama;\N;2021
100020359;\N;\N;2021
100020360;Utah State University;\N;2021
100020364;\N;\N;2021
100020382;Villanova;\N;2021
100020392;\N;\N;2021
100020396;\N;\N;2021
100020401;\N;\N;2021
100020406;\N;\N;2021
100020409;;\N;2021
100020412;UNC;\N;2021
100020417;;\N;2021
100020419;\N;\N;2021
100020420;Texas;\N;2021
100020422;\N;\N;2021
100020433;\N;\N;2021
100020439;Tennessee;\N;2021
100020450;Gonzaga;\N;2021
100020451;\N;\N;2021
100020452;\N;\N;2021
100020455;\N;\N;2021
100020459;\N;\N;2021
100020464;LSU;\N;2021
100020475;Auburn;\N;2021
100020479;;\N;2021
100020499;Michigan;\N;2021
100020501;\N;\N;2021
100020504;\N;\N;2021
100020510;\N;\N;2021
100020513;\N;\N;2021
100020517;\N;\N;2021
100020526;Iowa;\N;2021
100020527;Maryland;\N;2021
100020529;\N;\N;2021
100020530;\N;\N;2021
100020536;Stanford;\N;2021
100020546;\N;\N;2021
100020547;\N;\N;2021
100020550;\N;\N;2021
100020555;\N;\N;2021
100050087;\N;\N;2003
100050090;\N;\N;2005
100050094;\N;\N;2004
100050095;\N;\N;2003
100050096;\N;\N;2003
100050101;\N;\N;2003
100050103;\N;\N;2005
100050106;\N;\N;2004
100050119;\N;\N;2007
100050148;\N;\N;2016
100050152;\N;\N;2015
100050153;\N;\N;2012
100050154;\N;\N;2016
100050155;\N;\N;2013
100050156;\N;\N;2014
100050166;\N;\N;2013
100050168;\N;\N;2014
100050170;\N;\N;2003
100050172;\N;\N;2001
100050173;\N;\N;2002
100050174;\N;\N;2001
100050176;\N;\N;2001
100050177;\N;\N;2004
100050178;\N;\N;2002
100050180;\N;\N;2002
100050184;\N;\N;2003
100050187;\N;\N;2003
100050190;\N;\N;2003
100050192;\N;\N;2007
100050204;\N;\N;2008
100050211;\N;\N;2007
100050213;\N;\N;2011
100050227;\N;\N;2011
100050234;\N;\N;2016
100050237;\N;\N;2015
100050238;\N;\N;2015
100050239;\N;\N;2013
100050244;\N;\N;2016
100050251;\N;\N;2015
100050257;\N;\N;2005
100050258;\N;\N;2003
100050259;\N;\N;2003
100050261;\N;\N;2006
100050262;\N;\N;2005
100050263;\N;\N;2006
100050264;\N;\N;2007
100050278;\N;\N;2009
100050281;\N;\N;2008
100050287;\N;\N;2008
100050288;\N;\N;2008
100050306;\N;\N;2015
100050309;\N;\N;2013
100050311;\N;\N;2015
100050312;\N;\N;2015
100050321;\N;\N;2014
100050327;\N;\N;2004
100050328;\N;\N;2006
100050331;\N;\N;2004
100050332;\N;\N;2004
100050333;\N;\N;2005
100050334;\N;\N;2007
100050335;\N;\N;2006
100050336;\N;\N;2006
100050339;\N;\N;2009
100050340;\N;\N;2009
100050341;\N;\N;2008
100050345;\N;\N;2011
100050346;\N;\N;2011
100050347;\N;\N;2010
100050348;\N;\N;2009
100050355;\N;\N;2014
100050357;\N;\N;2013
100050358;\N;\N;2017
100050360;\N;\N;2016
100050361;\N;\N;2007
100050362;\N;\N;2006
100050363;\N;\N;2006
100050364;\N;\N;2003
100050369;\N;\N;2006
100050370;\N;\N;2005
100050371;\N;\N;2003
100050372;\N;\N;2005
100050377;\N;\N;2009
100050380;\N;\N;2008
100050382;\N;\N;2010
100050383;\N;\N;2011
100050384;\N;\N;2011
100050400;\N;\N;2012
100050402;\N;\N;2015
100050404;\N;\N;2013
100050415;\N;\N;2002
100050416;\N;\N;2004
100050417;\N;\N;2005
100050418;\N;\N;2003
100050419;\N;\N;2005
100050420;\N;\N;2005
100050425;\N;\N;2007
100050428;\N;\N;2007
100050432;\N;\N;2005
100050439;\N;\N;2008
100050444;\N;\N;2006
100050450;\N;\N;2011
100050454;\N;\N;2011
100050455;\N;\N;2011
100050456;\N;\N;2007
100050465;\N;\N;2011
100050466;\N;\N;2013
100050475;\N;\N;2014
100050477;\N;\N;2016
100050479;\N;\N;2016
100050480;\N;\N;2015
100050488;\N;\N;2013
100050491;\N;\N;2017
100050495;\N;\N;2004
100050496;\N;\N;2005
100050497;\N;\N;2005
100050498;\N;\N;2003
100050499;\N;\N;2003
100050500;\N;\N;2004
100050501;\N;\N;2002
100050502;\N;\N;2005
100050503;\N;\N;2003
100050504;\N;\N;2004
100050506;\N;\N;2004
100050507;\N;\N;2003
100050509;\N;\N;2005
100050510;\N;\N;2003
100050512;\N;\N;2005
100050514;\N;\N;2003
100050515;\N;\N;2006
100050526;\N;\N;2005
100050532;\N;\N;2011
100050538;\N;\N;2011
100050549;\N;\N;2011
100050550;\N;\N;2010
100050554;\N;\N;2016
100050558;\N;\N;2013
100050562;\N;\N;2013
100050564;\N;\N;2013
100050566;\N;\N;2005
100050567;\N;\N;2003
100050568;\N;\N;2003
100050569;\N;\N;2005
100050570;\N;\N;2005
100050571;\N;\N;2005
100050573;\N;\N;2004
100050574;\N;\N;2002
100050575;\N;\N;2004
100050576;\N;\N;2005
100050585;\N;\N;2007
100050586;\N;\N;2003
100050588;\N;\N;2007
100050596;\N;\N;2010
100050597;\N;\N;2009
100050599;\N;\N;2009
100050605;\N;\N;2015
100050610;\N;\N;2012
100050615;\N;\N;2015
100050616;\N;\N;2014
100050617;\N;\N;2015
100050618;\N;\N;2013
100050619;\N;\N;2012
100050620;\N;\N;2014
100050621;\N;\N;2012
100050622;\N;\N;2016
100050623;\N;\N;2016
100050624;\N;\N;2012
100050625;\N;\N;2015
100050628;\N;\N;2017
100050629;\N;\N;2015
100050631;\N;\N;2015
100050632;\N;\N;2016
100050633;\N;\N;2013
100050634;\N;\N;2015
100050636;\N;\N;2014
100050639;\N;\N;2002
100050640;\N;\N;2002
100050641;\N;\N;2002
100050642;\N;\N;2001
100050643;\N;\N;2003
100050644;\N;\N;2002
100050645;\N;\N;2005
100050647;\N;\N;2002
100050648;\N;\N;2002
100050650;\N;\N;2004
100050651;\N;\N;2007
100050654;\N;\N;2003
100050656;\N;\N;2007
100050657;\N;\N;2003
100050658;\N;\N;2003
100050660;\N;\N;2005
100050662;\N;\N;2014
100050666;\N;\N;2015
100050667;\N;\N;2013
100050669;\N;\N;2016
100050670;\N;\N;2012
100050671;\N;\N;2012
100050672;\N;\N;2013
100050681;\N;\N;2015
100050682;\N;\N;2013
100050684;\N;\N;2016
100050686;\N;\N;2016
100050687;\N;\N;2016
100050688;\N;\N;2015
100050689;\N;\N;2013
100050690;\N;\N;2014
100050691;\N;\N;2015
100050692;\N;\N;2012
100050693;\N;\N;2012
100050694;\N;\N;2016
100050695;\N;\N;2014
100050696;\N;\N;2012
100050702;\N;\N;2015
100050706;\N;\N;2015
100050709;\N;\N;2015
100050710;\N;\N;2014
100050711;\N;\N;2014
100050712;\N;\N;2015
100050713;\N;\N;2013
100050714;\N;\N;2013
100050715;\N;\N;2016
100050716;\N;\N;2013
100050717;\N;\N;2012
100050718;\N;\N;2014
100050719;\N;\N;2016
100050720;\N;\N;2014
100050723;\N;\N;2003
100050725;\N;\N;2005
100050726;\N;\N;2004
100050728;\N;\N;2007
100050730;\N;\N;2007
100050732;\N;\N;2007
100050738;\N;\N;2005
100050740;\N;\N;2006
100050743;\N;\N;2005
100050756;\N;\N;2008
100050762;\N;\N;2013
100050763;\N;\N;2010
100050768;\N;\N;2011
100050779;\N;\N;2013
100050781;\N;\N;2001
100050784;\N;\N;2004
100050785;\N;\N;2002
100050786;\N;\N;2001
100050787;\N;\N;2004
100050788;\N;\N;2002
100050790;\N;\N;2004
100050791;\N;\N;2002
100050792;\N;\N;2003
100050799;\N;\N;2003
100050800;\N;\N;2005
100050801;\N;\N;2005
100050802;\N;\N;2006
100050803;\N;\N;2007
100050812;\N;\N;2005
100050817;\N;\N;2014
100050818;\N;\N;2015
100050819;\N;\N;2012
100050822;\N;\N;2014
100050823;\N;\N;2012
100050825;\N;\N;2012
100050826;\N;\N;2012
100050827;\N;\N;2016
100050828;\N;\N;2007
100050832;\N;\N;2004
100050833;\N;\N;2007
100050834;\N;\N;2006
100050835;\N;\N;2006
100050836;\N;\N;2004
100050837;\N;\N;2006
100050838;\N;\N;2007
100050839;\N;\N;2003
100050840;\N;\N;2009
100050847;\N;\N;2007
100050853;\N;\N;2012
100050856;\N;\N;2012
100050858;\N;\N;2016
100050859;\N;\N;2016
100050860;\N;\N;2015
100050861;\N;\N;2013
100050862;\N;\N;2016
100050863;\N;\N;2012
100050864;\N;\N;2010
100050865;\N;\N;2012
100050866;\N;\N;2011
100050867;\N;\N;2010
100050868;\N;\N;2010
100050869;\N;\N;2013
100050870;\N;\N;2009
100050871;\N;\N;2010
100050872;\N;\N;2013
100050873;\N;\N;2012
100050874;\N;\N;2012
100050875;\N;\N;2011
100050877;\N;\N;2015
100050880;\N;\N;2014
100050882;\N;\N;2012
100050884;\N;\N;2013
100050889;\N;\N;2003
100050890;\N;\N;2007
100050891;\N;\N;2006
100050892;\N;\N;2005
100050894;\N;\N;2003
100050897;\N;\N;2004
100050898;\N;\N;2007
100050899;\N;\N;2005
100050903;\N;\N;2014
100050905;\N;\N;2015
100050906;\N;\N;2015
100050907;\N;\N;2013
100050908;\N;\N;2015
100050909;\N;\N;2015
100050910;\N;\N;2013
100050911;\N;\N;2012
100050913;\N;\N;2007
100050914;\N;\N;2004
100050915;\N;\N;2007
100050916;\N;\N;2005
100050917;\N;\N;2005
100050919;\N;\N;2005
100050920;\N;\N;2003
100050923;\N;\N;2005
100050928;\N;\N;2010
100050929;\N;\N;2007
100050930;\N;\N;2007
100050933;\N;\N;2007
100050935;\N;\N;2008
100050938;\N;\N;2014
100050940;\N;\N;2013
100050941;\N;\N;2015
100050942;\N;\N;2012
100050946;\N;\N;2016
100050947;\N;\N;2013
100050949;\N;\N;2007
100050950;\N;\N;2009
100050951;\N;\N;2007
100050952;\N;\N;2011
100050953;\N;\N;2008
100050954;\N;\N;2009
100050955;\N;\N;2010
100050956;\N;\N;2009
100050957;\N;\N;2010
100050958;\N;\N;2009
100050959;\N;\N;2009
100050962;\N;\N;2015
100050963;\N;\N;2016
100050965;\N;\N;2012
100050967;\N;\N;2014
100050969;\N;\N;2015
100050970;\N;\N;2015
100050971;\N;\N;2012
;;;
